"Year","predicted","std.error","conf.low","conf.high","Race","Sexual_Orientation","Gender","strata","strata2","state"
"2003",11.91,0.0901210651610739,10.17,13.89,"White","Heterosexual","Male","White-Male","Heterosexual-Male","46 States"
"2003",40.09,0.162857028119995,32.72,47.94,"White","Bisexual","Male","White-Male","Bisexual-Male","46 States"
"2003",33.9,0.161192506804799,27.21,41.29,"White","Homosexual","Male","White-Male","Homosexual-Male","46 States"
"2003",26.08,0.166941962394952,20.28,32.86,"White","Othersexual","Male","White-Male","Othersexual-Male","46 States"
"2003",19.52,0.0787032178941824,17.21,22.06,"White","Heterosexual","Female","White-Female","Heterosexual-Female","46 States"
"2003",52.85,0.149362438808759,45.55,60.03,"White","Bisexual","Female","White-Female","Bisexual-Female","46 States"
"2003",45.88,0.165383315799292,38.01,53.97,"White","Homosexual","Female","White-Female","Homosexual-Female","46 States"
"2003",37.6,0.162151729220506,30.48,45.29,"White","Othersexual","Female","White-Female","Othersexual-Female","46 States"
"2003",10,0.162992209341899,7.47,13.27,"Asian","Heterosexual","Male","Asian-Male","Heterosexual-Male","46 States"
"2003",34.35,0.170777950192803,27.24,42.24,"Asian","Bisexual","Male","Asian-Male","Bisexual-Male","46 States"
"2003",29.08,0.171457535732996,22.66,36.46,"Asian","Homosexual","Male","Asian-Male","Homosexual-Male","46 States"
"2003",21.7,0.170075663444474,16.56,27.89,"Asian","Othersexual","Male","Asian-Male","Othersexual-Male","46 States"
"2003",15.95,0.156882138577472,12.25,20.52,"Asian","Heterosexual","Female","Asian-Female","Heterosexual-Female","46 States"
"2003",46.89,0.168684283331286,38.81,55.13,"Asian","Bisexual","Female","Asian-Female","Bisexual-Female","46 States"
"2003",40.04,0.171173873049993,32.32,48.3,"Asian","Homosexual","Female","Asian-Female","Homosexual-Female","46 States"
"2003",31.31,0.170527803475125,24.6,38.9,"Asian","Othersexual","Female","Asian-Female","Othersexual-Female","46 States"
"2003",9.07,0.128511743904324,7.19,11.37,"Black","Heterosexual","Male","Black-Male","Heterosexual-Male","46 States"
"2003",33.3,0.168087697901699,26.42,40.97,"Black","Bisexual","Male","Black-Male","Bisexual-Male","46 States"
"2003",28.04,0.168226918962164,21.88,35.14,"Black","Homosexual","Male","Black-Male","Homosexual-Male","46 States"
"2003",21.08,0.168199921147083,16.11,27.08,"Black","Othersexual","Male","Black-Male","Othersexual-Male","46 States"
"2003",12.71,0.117356380720855,10.37,15.49,"Black","Heterosexual","Female","Black-Female","Heterosexual-Female","46 States"
"2003",44.97,0.157872467035636,37.49,52.69,"Black","Bisexual","Female","Black-Female","Bisexual-Female","46 States"
"2003",38.2,0.165236215766199,30.89,46.07,"Black","Homosexual","Female","Black-Female","Homosexual-Female","46 States"
"2003",31.25,0.168069225135531,24.64,38.72,"Black","Othersexual","Female","Black-Female","Othersexual-Female","46 States"
"2003",10.96,0.151837034002939,8.37,14.22,"Hispanic","Heterosexual","Male","Hispanic-Male","Heterosexual-Male","46 States"
"2003",38.19,0.168868975254338,30.73,46.24,"Hispanic","Bisexual","Male","Hispanic-Male","Bisexual-Male","46 States"
"2003",32.64,0.169413185820165,25.8,40.32,"Hispanic","Homosexual","Male","Hispanic-Male","Homosexual-Male","46 States"
"2003",24.88,0.169172443705555,19.21,31.57,"Hispanic","Othersexual","Male","Hispanic-Male","Othersexual-Male","46 States"
"2003",18.24,0.141317049303673,14.47,22.74,"Hispanic","Heterosexual","Female","Hispanic-Female","Heterosexual-Female","46 States"
"2003",51.42,0.165791070162532,43.34,59.43,"Hispanic","Bisexual","Female","Hispanic-Female","Bisexual-Female","46 States"
"2003",43.89,0.167458585855079,36.03,52.06,"Hispanic","Homosexual","Female","Hispanic-Female","Homosexual-Female","46 States"
"2003",35.32,0.168272640887281,28.2,43.16,"Hispanic","Othersexual","Female","Hispanic-Female","Othersexual-Female","46 States"
"2003",13.82,0.158194256931276,10.52,17.94,"MultiRace","Heterosexual","Male","MultiRace-Male","Heterosexual-Male","46 States"
"2003",42.61,0.169431049436285,34.75,50.85,"MultiRace","Bisexual","Male","MultiRace-Male","Bisexual-Male","46 States"
"2003",36.99,0.170638285890246,29.59,45.06,"MultiRace","Homosexual","Male","MultiRace-Male","Homosexual-Male","46 States"
"2003",28.47,0.169813216899426,22.2,35.7,"MultiRace","Othersexual","Male","MultiRace-Male","Othersexual-Male","46 States"
"2003",21.23,0.150969901449686,16.7,26.59,"MultiRace","Heterosexual","Female","MultiRace-Female","Heterosexual-Female","46 States"
"2003",55.45,0.168408308756073,47.23,63.39,"MultiRace","Bisexual","Female","MultiRace-Female","Bisexual-Female","46 States"
"2003",48.36,0.169208383697918,40.19,56.61,"MultiRace","Homosexual","Female","MultiRace-Female","Homosexual-Female","46 States"
"2003",39.8,0.169392619919285,32.18,47.96,"MultiRace","Othersexual","Female","MultiRace-Female","Othersexual-Female","46 States"
"2003",12.17,0.163358134066287,9.14,16.03,"OtherRace","Heterosexual","Male","OtherRace-Male","Heterosexual-Male","46 States"
"2003",39.75,0.170221954210697,32.09,47.95,"OtherRace","Bisexual","Male","OtherRace-Male","Bisexual-Male","46 States"
"2003",33.78,0.171454324933754,26.72,41.65,"OtherRace","Homosexual","Male","OtherRace-Male","Homosexual-Male","46 States"
"2003",25.61,0.1700704524619,19.78,32.45,"OtherRace","Othersexual","Male","OtherRace-Male","Othersexual-Male","46 States"
"2003",18.98,0.163074880227443,14.54,24.39,"OtherRace","Heterosexual","Female","OtherRace-Female","Heterosexual-Female","46 States"
"2003",52,0.169173448155136,43.75,60.15,"OtherRace","Bisexual","Female","OtherRace-Female","Bisexual-Female","46 States"
"2003",45.39,0.171213503232611,37.27,53.76,"OtherRace","Homosexual","Female","OtherRace-Female","Homosexual-Female","46 States"
"2003",36.01,0.170112567278597,28.73,43.99,"OtherRace","Othersexual","Female","OtherRace-Female","Othersexual-Female","46 States"
"2005",9.95,0.101130599541155,8.31,11.87,"White","Heterosexual","Male","White-Male","Heterosexual-Male","46 States"
"2005",33.93,0.164517691293972,27.12,41.49,"White","Bisexual","Male","White-Male","Bisexual-Male","46 States"
"2005",29.12,0.169205109681777,22.77,36.41,"White","Homosexual","Male","White-Male","Homosexual-Male","46 States"
"2005",21.43,0.168092658639632,16.4,27.49,"White","Othersexual","Male","White-Male","Othersexual-Male","46 States"
"2005",15.29,0.0922834173685327,13.09,17.78,"White","Heterosexual","Female","White-Female","Heterosexual-Female","46 States"
"2005",44.25,0.151925661834676,37.08,51.67,"White","Bisexual","Female","White-Female","Bisexual-Female","46 States"
"2005",38.37,0.170101804403229,30.85,46.49,"White","Homosexual","Female","White-Female","Homosexual-Female","46 States"
"2005",31.36,0.165697801513928,24.82,38.73,"White","Othersexual","Female","White-Female","Othersexual-Female","46 States"
"2005",8.05,0.165655440232052,5.95,10.8,"Asian","Heterosexual","Male","Asian-Male","Heterosexual-Male","46 States"
"2005",29.1,0.17334879232609,22.62,36.57,"Asian","Bisexual","Male","Asian-Male","Bisexual-Male","46 States"
"2005",24.34,0.1741287026703,18.61,31.15,"Asian","Homosexual","Male","Asian-Male","Homosexual-Male","46 States"
"2005",17.94,0.17311872643438,13.47,23.48,"Asian","Othersexual","Male","Asian-Male","Othersexual-Male","46 States"
"2005",13.56,0.163045161365818,10.23,17.76,"Asian","Heterosexual","Female","Asian-Female","Heterosexual-Female","46 States"
"2005",40.18,0.171697322003566,32.42,48.46,"Asian","Bisexual","Female","Asian-Female","Bisexual-Female","46 States"
"2005",34.71,0.173297468839549,27.45,42.74,"Asian","Homosexual","Female","Asian-Female","Homosexual-Female","46 States"
"2005",26.34,0.173108794063711,20.3,33.42,"Asian","Othersexual","Female","Asian-Female","Othersexual-Female","46 States"
"2005",6.62,0.141565228823686,5.1,8.56,"Black","Heterosexual","Male","Black-Male","Heterosexual-Male","46 States"
"2005",28.31,0.171226965277616,22.02,35.58,"Black","Bisexual","Male","Black-Male","Bisexual-Male","46 States"
"2005",23.46,0.171041734144731,17.98,30,"Black","Homosexual","Male","Black-Male","Homosexual-Male","46 States"
"2005",17.41,0.171284831954814,13.1,22.77,"Black","Othersexual","Male","Black-Male","Othersexual-Male","46 States"
"2005",12.19,0.119648492062261,9.89,14.93,"Black","Heterosexual","Female","Black-Female","Heterosexual-Female","46 States"
"2005",38.95,0.164849171064896,31.59,46.84,"Black","Bisexual","Female","Black-Female","Bisexual-Female","46 States"
"2005",32.85,0.169522710418491,25.98,40.55,"Black","Homosexual","Female","Black-Female","Homosexual-Female","46 States"
"2005",26.42,0.169405819838433,20.48,33.35,"Black","Othersexual","Female","Black-Female","Othersexual-Female","46 States"
"2005",9.67,0.154679732680708,7.33,12.66,"Hispanic","Heterosexual","Male","Hispanic-Male","Heterosexual-Male","46 States"
"2005",32.83,0.171976551473615,25.87,40.64,"Hispanic","Bisexual","Male","Hispanic-Male","Bisexual-Male","46 States"
"2005",27.69,0.172579449039963,21.45,34.94,"Hispanic","Homosexual","Male","Hispanic-Male","Homosexual-Male","46 States"
"2005",20.49,0.17101222508547,15.57,26.49,"Hispanic","Othersexual","Male","Hispanic-Male","Othersexual-Male","46 States"
"2005",13.17,0.147758140642434,10.2,16.85,"Hispanic","Heterosexual","Female","Hispanic-Female","Heterosexual-Female","46 States"
"2005",45.41,0.165531079676788,37.56,53.51,"Hispanic","Bisexual","Female","Hispanic-Female","Bisexual-Female","46 States"
"2005",38.22,0.171761625920807,30.64,46.42,"Hispanic","Homosexual","Female","Hispanic-Female","Homosexual-Female","46 States"
"2005",30.18,0.171386336987091,23.6,37.69,"Hispanic","Othersexual","Female","Hispanic-Female","Othersexual-Female","46 States"
"2005",10.71,0.161663262172572,8.04,14.14,"MultiRace","Heterosexual","Male","MultiRace-Male","Heterosexual-Male","46 States"
"2005",37.15,0.171441753820487,29.7,45.27,"MultiRace","Bisexual","Male","MultiRace-Male","Bisexual-Male","46 States"
"2005",31.53,0.173266129849946,24.7,39.28,"MultiRace","Homosexual","Male","MultiRace-Male","Homosexual-Male","46 States"
"2005",23.91,0.172841868154536,18.3,30.6,"MultiRace","Othersexual","Male","MultiRace-Male","Othersexual-Male","46 States"
"2005",17.31,0.154418070661571,13.4,22.08,"MultiRace","Heterosexual","Female","MultiRace-Female","Heterosexual-Female","46 States"
"2005",48.95,0.168549739960193,40.8,57.16,"MultiRace","Bisexual","Female","MultiRace-Female","Bisexual-Female","46 States"
"2005",42.94,0.171788860280006,34.96,51.31,"MultiRace","Homosexual","Female","MultiRace-Female","Homosexual-Female","46 States"
"2005",33.86,0.17245695824622,26.75,41.79,"MultiRace","Othersexual","Female","MultiRace-Female","Othersexual-Female","46 States"
"2005",10.2,0.167604565782175,7.56,13.62,"OtherRace","Heterosexual","Male","OtherRace-Male","Heterosexual-Male","46 States"
"2005",34.14,0.172815260932402,26.97,42.1,"OtherRace","Bisexual","Male","OtherRace-Male","Bisexual-Male","46 States"
"2005",28.58,0.174133483503302,22.15,36.02,"OtherRace","Homosexual","Male","OtherRace-Male","Homosexual-Male","46 States"
"2005",21.66,0.172762413244429,16.46,27.95,"OtherRace","Othersexual","Male","OtherRace-Male","Othersexual-Male","46 States"
"2005",16.15,0.167444610173933,12.18,21.1,"OtherRace","Heterosexual","Female","OtherRace-Female","Heterosexual-Female","46 States"
"2005",45.47,0.171680635143113,37.33,53.86,"OtherRace","Bisexual","Female","OtherRace-Female","Bisexual-Female","46 States"
"2005",39.78,0.173290844579523,31.99,48.13,"OtherRace","Homosexual","Female","OtherRace-Female","Homosexual-Female","46 States"
"2005",30.79,0.173234327482871,24.06,38.45,"OtherRace","Othersexual","Female","OtherRace-Female","Othersexual-Female","46 States"
"2007",8.35,0.0768457281846969,7.27,9.58,"White","Heterosexual","Male","White-Male","Heterosexual-Male","46 States"
"2007",31.74,0.151245236650694,25.69,38.48,"White","Bisexual","Male","White-Male","Bisexual-Male","46 States"
"2007",24.65,0.156936301872758,19.39,30.79,"White","Homosexual","Male","White-Male","Homosexual-Male","46 States"
"2007",19.76,0.155853112767625,15.36,25.05,"White","Othersexual","Male","White-Male","Othersexual-Male","46 States"
"2007",11.06,0.0697597427654506,9.79,12.48,"White","Heterosexual","Female","White-Female","Heterosexual-Female","46 States"
"2007",45.05,0.124497114890422,39.11,51.14,"White","Bisexual","Female","White-Female","Bisexual-Female","46 States"
"2007",35.9,0.154534507397522,29.26,43.12,"White","Homosexual","Female","White-Female","Homosexual-Female","46 States"
"2007",26.88,0.149628745906695,21.52,33.01,"White","Othersexual","Female","White-Female","Othersexual-Female","46 States"
"2007",7.11,0.155513926014698,5.34,9.4,"Asian","Heterosexual","Male","Asian-Male","Heterosexual-Male","46 States"
"2007",26.91,0.164814989350166,21.04,33.71,"Asian","Bisexual","Male","Asian-Male","Bisexual-Male","46 States"
"2007",21.75,0.165933568683495,16.73,27.79,"Asian","Homosexual","Male","Asian-Male","Homosexual-Male","46 States"
"2007",16.66,0.164407929135863,12.65,21.62,"Asian","Othersexual","Male","Asian-Male","Othersexual-Male","46 States"
"2007",11.43,0.151969444647941,8.74,14.8,"Asian","Heterosexual","Female","Asian-Female","Heterosexual-Female","46 States"
"2007",37.01,0.163117456775833,29.91,44.72,"Asian","Bisexual","Female","Asian-Female","Bisexual-Female","46 States"
"2007",31.28,0.166079799590619,24.74,38.66,"Asian","Homosexual","Female","Asian-Female","Homosexual-Female","46 States"
"2007",23.9,0.164626433103195,18.53,30.25,"Asian","Othersexual","Female","Asian-Female","Othersexual-Female","46 States"
"2007",7.21,0.127285734695345,5.71,9.06,"Black","Heterosexual","Male","Black-Male","Heterosexual-Male","46 States"
"2007",25.54,0.162115865536555,19.98,32.04,"Black","Bisexual","Male","Black-Male","Bisexual-Male","46 States"
"2007",21.55,0.16256969497284,16.65,27.41,"Black","Homosexual","Male","Black-Male","Homosexual-Male","46 States"
"2007",15.6,0.162743978554413,11.84,20.27,"Black","Othersexual","Male","Black-Male","Othersexual-Male","46 States"
"2007",10.22,0.119821216085762,8.26,12.59,"Black","Heterosexual","Female","Black-Female","Heterosexual-Female","46 States"
"2007",36.32,0.158086873243924,29.49,43.74,"Black","Bisexual","Female","Black-Female","Bisexual-Female","46 States"
"2007",30.21,0.161845436799078,23.96,37.28,"Black","Homosexual","Female","Black-Female","Homosexual-Female","46 States"
"2007",22.67,0.162281826160162,17.58,28.73,"Black","Othersexual","Female","Black-Female","Othersexual-Female","46 States"
"2007",8.22,0.127483874332393,6.52,10.31,"Hispanic","Heterosexual","Male","Hispanic-Male","Heterosexual-Male","46 States"
"2007",29.3,0.158020282294916,23.32,36.1,"Hispanic","Bisexual","Male","Hispanic-Male","Bisexual-Male","46 States"
"2007",24.96,0.159880515573598,19.56,31.27,"Hispanic","Homosexual","Male","Hispanic-Male","Homosexual-Male","46 States"
"2007",18.52,0.162568693585168,14.18,23.82,"Hispanic","Othersexual","Male","Hispanic-Male","Othersexual-Male","46 States"
"2007",14.26,0.112935554259935,11.76,17.19,"Hispanic","Heterosexual","Female","Hispanic-Female","Heterosexual-Female","46 States"
"2007",39.39,0.152162279126609,32.54,46.69,"Hispanic","Bisexual","Female","Hispanic-Female","Bisexual-Female","46 States"
"2007",35.89,0.161034726812722,28.99,43.43,"Hispanic","Homosexual","Female","Hispanic-Female","Homosexual-Female","46 States"
"2007",27.53,0.159868836911686,21.74,34.2,"Hispanic","Othersexual","Female","Hispanic-Female","Othersexual-Female","46 States"
"2007",10.02,0.143127220226265,7.76,12.84,"MultiRace","Heterosexual","Male","MultiRace-Male","Heterosexual-Male","46 States"
"2007",33,0.162251604940873,26.38,40.37,"MultiRace","Bisexual","Male","MultiRace-Male","Bisexual-Male","46 States"
"2007",28.33,0.161491555243419,22.36,35.17,"MultiRace","Homosexual","Male","MultiRace-Male","Homosexual-Male","46 States"
"2007",21.36,0.164575167007805,16.44,27.28,"MultiRace","Othersexual","Male","MultiRace-Male","Othersexual-Male","46 States"
"2007",15.6,0.135942514535844,12.4,19.43,"MultiRace","Heterosexual","Female","MultiRace-Female","Heterosexual-Female","46 States"
"2007",44.22,0.157231140796701,36.81,51.9,"MultiRace","Bisexual","Female","MultiRace-Female","Bisexual-Female","46 States"
"2007",39.25,0.164570962583596,31.88,47.15,"MultiRace","Homosexual","Female","MultiRace-Female","Homosexual-Female","46 States"
"2007",31.13,0.16283348426471,24.73,38.35,"MultiRace","Othersexual","Female","MultiRace-Female","Othersexual-Female","46 States"
"2007",8.45,0.155007897397977,6.37,11.11,"OtherRace","Heterosexual","Male","OtherRace-Male","Heterosexual-Male","46 States"
"2007",31.06,0.165052324093735,24.58,38.37,"OtherRace","Bisexual","Male","OtherRace-Male","Bisexual-Male","46 States"
"2007",25.69,0.165873123501323,19.98,32.36,"OtherRace","Homosexual","Male","OtherRace-Male","Homosexual-Male","46 States"
"2007",19.45,0.165441870193639,14.86,25.03,"OtherRace","Othersexual","Male","OtherRace-Male","Othersexual-Male","46 States"
"2007",13.3,0.155184468807986,10.17,17.21,"OtherRace","Heterosexual","Female","OtherRace-Female","Heterosexual-Female","46 States"
"2007",41.82,0.163511544387512,34.29,49.76,"OtherRace","Bisexual","Female","OtherRace-Female","Bisexual-Female","46 States"
"2007",36.16,0.166100434381559,29.03,43.96,"OtherRace","Homosexual","Female","OtherRace-Female","Homosexual-Female","46 States"
"2007",27.75,0.165054627800492,21.75,34.68,"OtherRace","Othersexual","Female","OtherRace-Female","Othersexual-Female","46 States"
"2009",8.94,0.0446140715727031,8.25,9.68,"White","Heterosexual","Male","White-Male","Heterosexual-Male","46 States"
"2009",35.42,0.129920769269048,29.83,41.44,"White","Bisexual","Male","White-Male","Bisexual-Male","46 States"
"2009",26.47,0.132880709575053,21.71,31.83,"White","Homosexual","Male","White-Male","Homosexual-Male","46 States"
"2009",20.72,0.134564028016917,16.72,25.39,"White","Othersexual","Male","White-Male","Othersexual-Male","46 States"
"2009",11.88,0.0396206955811059,11.09,12.72,"White","Heterosexual","Female","White-Female","Heterosexual-Female","46 States"
"2009",43.37,0.0878473507094601,39.2,47.64,"White","Bisexual","Female","White-Female","Bisexual-Female","46 States"
"2009",38.36,0.134893042323993,32.33,44.77,"White","Homosexual","Female","White-Female","Homosexual-Female","46 States"
"2009",29.46,0.119770215494758,24.83,34.56,"White","Othersexual","Female","White-Female","Othersexual-Female","46 States"
"2009",8.39,0.135380674230455,6.56,10.66,"Asian","Heterosexual","Male","Asian-Male","Heterosexual-Male","46 States"
"2009",30.14,0.155465297349222,24.14,36.92,"Asian","Bisexual","Male","Asian-Male","Bisexual-Male","46 States"
"2009",25.25,0.158658774621134,19.84,31.55,"Asian","Homosexual","Male","Asian-Male","Homosexual-Male","46 States"
"2009",19.81,0.155701054057769,15.4,25.11,"Asian","Othersexual","Male","Asian-Male","Othersexual-Male","46 States"
"2009",13.23,0.12741777995984,10.62,16.37,"Asian","Heterosexual","Female","Asian-Female","Heterosexual-Female","46 States"
"2009",40.37,0.153577241067608,33.38,47.77,"Asian","Bisexual","Female","Asian-Female","Bisexual-Female","46 States"
"2009",35.2,0.159074836657154,28.45,42.59,"Asian","Homosexual","Female","Asian-Female","Homosexual-Female","46 States"
"2009",28.51,0.153856155817186,22.78,35.03,"Asian","Othersexual","Female","Asian-Female","Othersexual-Female","46 States"
"2009",8.65,0.100230666584251,7.22,10.33,"Black","Heterosexual","Male","Black-Male","Heterosexual-Male","46 States"
"2009",31.05,0.151588474329017,25.07,37.74,"Black","Bisexual","Male","Black-Male","Bisexual-Male","46 States"
"2009",26.21,0.151922329986476,20.86,32.35,"Black","Homosexual","Male","Black-Male","Homosexual-Male","46 States"
"2009",18.3,0.151170756234532,14.28,23.15,"Black","Othersexual","Male","Black-Male","Othersexual-Male","46 States"
"2009",12.66,0.0879610244849226,10.88,14.7,"Black","Heterosexual","Female","Black-Female","Heterosexual-Female","46 States"
"2009",41.99,0.139910929292746,35.49,48.77,"Black","Bisexual","Female","Black-Female","Bisexual-Female","46 States"
"2009",34.2,0.148813202705303,27.97,41.03,"Black","Homosexual","Female","Black-Female","Homosexual-Female","46 States"
"2009",25.74,0.149778712215059,20.54,31.73,"Black","Othersexual","Female","Black-Female","Othersexual-Female","46 States"
"2009",10.98,0.0889019954450461,9.39,12.8,"Hispanic","Heterosexual","Male","Hispanic-Male","Heterosexual-Male","46 States"
"2009",34.63,0.148146971395747,28.38,41.46,"Hispanic","Bisexual","Male","Hispanic-Male","Bisexual-Male","46 States"
"2009",30.66,0.146157691758214,24.92,37.06,"Hispanic","Homosexual","Male","Hispanic-Male","Homosexual-Male","46 States"
"2009",22.89,0.146063427084068,18.23,28.33,"Hispanic","Othersexual","Male","Hispanic-Male","Othersexual-Male","46 States"
"2009",16.2,0.0792375116150331,14.2,18.42,"Hispanic","Heterosexual","Female","Hispanic-Female","Heterosexual-Female","46 States"
"2009",44.06,0.123805913943117,38.19,50.09,"Hispanic","Bisexual","Female","Hispanic-Female","Bisexual-Female","46 States"
"2009",38.66,0.143820345502947,32.22,45.51,"Hispanic","Homosexual","Female","Hispanic-Female","Homosexual-Female","46 States"
"2009",31.53,0.145381728584048,25.72,37.97,"Hispanic","Othersexual","Female","Hispanic-Female","Othersexual-Female","46 States"
"2009",11.15,0.120766574265771,9.01,13.72,"MultiRace","Heterosexual","Male","MultiRace-Male","Heterosexual-Male","46 States"
"2009",38.52,0.154741594317094,31.63,45.9,"MultiRace","Bisexual","Male","MultiRace-Male","Bisexual-Male","46 States"
"2009",32.82,0.155962843004383,26.46,39.87,"MultiRace","Homosexual","Male","MultiRace-Male","Homosexual-Male","46 States"
"2009",24.23,0.155304263281737,19.09,30.25,"MultiRace","Othersexual","Male","MultiRace-Male","Othersexual-Male","46 States"
"2009",16.68,0.112936132826289,13.83,19.99,"MultiRace","Heterosexual","Female","MultiRace-Female","Heterosexual-Female","46 States"
"2009",49.08,0.143449370334313,42.12,56.08,"MultiRace","Bisexual","Female","MultiRace-Female","Bisexual-Female","46 States"
"2009",42.94,0.154498169157739,35.73,50.46,"MultiRace","Homosexual","Female","MultiRace-Female","Homosexual-Female","46 States"
"2009",36.14,0.152078270512536,29.58,43.26,"MultiRace","Othersexual","Female","MultiRace-Female","Othersexual-Female","46 States"
"2009",11.02,0.122533259886506,8.87,13.6,"OtherRace","Heterosexual","Male","OtherRace-Male","Heterosexual-Male","46 States"
"2009",36.3,0.154334640532287,29.63,43.54,"OtherRace","Bisexual","Male","OtherRace-Male","Bisexual-Male","46 States"
"2009",29.27,0.157483335440759,23.31,36.04,"OtherRace","Homosexual","Male","OtherRace-Male","Homosexual-Male","46 States"
"2009",22.08,0.154096862894506,17.32,27.7,"OtherRace","Othersexual","Male","OtherRace-Male","Othersexual-Male","46 States"
"2009",17.45,0.121493419009066,14.28,21.14,"OtherRace","Heterosexual","Female","OtherRace-Female","Heterosexual-Female","46 States"
"2009",47.46,0.145596489165171,40.45,54.58,"OtherRace","Bisexual","Female","OtherRace-Female","Bisexual-Female","46 States"
"2009",40.5,0.156999658658754,33.35,48.08,"OtherRace","Homosexual","Female","OtherRace-Female","Homosexual-Female","46 States"
"2009",32.88,0.153148345622475,26.62,39.8,"OtherRace","Othersexual","Female","OtherRace-Female","Othersexual-Female","46 States"
"2011",8.62,0.0396088072740067,8.03,9.25,"White","Heterosexual","Male","White-Male","Heterosexual-Male","46 States"
"2011",34.37,0.116933497861842,29.4,39.71,"White","Bisexual","Male","White-Male","Bisexual-Male","46 States"
"2011",28.02,0.121057794741576,23.49,33.04,"White","Homosexual","Male","White-Male","Homosexual-Male","46 States"
"2011",22.47,0.117802898448868,18.7,26.74,"White","Othersexual","Male","White-Male","Othersexual-Male","46 States"
"2011",11.59,0.035015371005162,10.9,12.31,"White","Heterosexual","Female","White-Female","Heterosexual-Female","46 States"
"2011",45.97,0.078250362656327,42.19,49.8,"White","Bisexual","Female","White-Female","Bisexual-Female","46 States"
"2011",39.88,0.125141560719081,34.17,45.88,"White","Homosexual","Female","White-Female","Homosexual-Female","46 States"
"2011",28.5,0.10854842163067,24.37,33.03,"White","Othersexual","Female","White-Female","Othersexual-Female","46 States"
"2011",10.15,0.0909398081742115,8.64,11.9,"Asian","Heterosexual","Male","Asian-Male","Heterosexual-Male","46 States"
"2011",29.36,0.147929183758191,23.72,35.7,"Asian","Bisexual","Male","Asian-Male","Bisexual-Male","46 States"
"2011",25.75,0.150487647495881,20.53,31.78,"Asian","Homosexual","Male","Asian-Male","Homosexual-Male","46 States"
"2011",19.22,0.147059322266096,15.13,24.09,"Asian","Othersexual","Male","Asian-Male","Othersexual-Male","46 States"
"2011",13.44,0.0849325149727163,11.62,15.5,"Asian","Heterosexual","Female","Asian-Female","Heterosexual-Female","46 States"
"2011",41.46,0.140242326339345,34.98,48.24,"Asian","Bisexual","Female","Asian-Female","Bisexual-Female","46 States"
"2011",34.93,0.153062001127703,28.46,42.02,"Asian","Homosexual","Female","Asian-Female","Homosexual-Female","46 States"
"2011",26.01,0.144907324231865,20.93,31.84,"Asian","Othersexual","Female","Asian-Female","Othersexual-Female","46 States"
"2011",9.52,0.0836395509854217,8.2,11.03,"Black","Heterosexual","Male","Black-Male","Heterosexual-Male","46 States"
"2011",28.91,0.144361742274723,23.46,35.05,"Black","Bisexual","Male","Black-Male","Bisexual-Male","46 States"
"2011",24.81,0.148361064079172,19.79,30.62,"Black","Homosexual","Male","Black-Male","Homosexual-Male","46 States"
"2011",18.88,0.146955490033455,14.86,23.69,"Black","Othersexual","Male","Black-Male","Othersexual-Male","46 States"
"2011",12.87,0.0770961131174959,11.27,14.66,"Black","Heterosexual","Female","Black-Female","Heterosexual-Female","46 States"
"2011",36.84,0.12596798969155,31.3,42.75,"Black","Bisexual","Female","Black-Female","Bisexual-Female","46 States"
"2011",34.77,0.14671521811445,28.56,41.54,"Black","Homosexual","Female","Black-Female","Homosexual-Female","46 States"
"2011",27.74,0.139748449765427,22.59,33.55,"Black","Othersexual","Female","Black-Female","Othersexual-Female","46 States"
"2011",10.27,0.069220679019666,9.09,11.59,"Hispanic","Heterosexual","Male","Hispanic-Male","Heterosexual-Male","46 States"
"2011",34.89,0.138714312850252,28.99,41.29,"Hispanic","Bisexual","Male","Hispanic-Male","Bisexual-Male","46 States"
"2011",30.89,0.136572962169572,25.49,36.88,"Hispanic","Homosexual","Male","Hispanic-Male","Homosexual-Male","46 States"
"2011",23.19,0.136960566360136,18.75,28.31,"Hispanic","Othersexual","Male","Hispanic-Male","Othersexual-Male","46 States"
"2011",17.25,0.0574676700595703,15.7,18.92,"Hispanic","Heterosexual","Female","Hispanic-Female","Heterosexual-Female","46 States"
"2011",45.13,0.103056794782607,40.19,50.16,"Hispanic","Bisexual","Female","Hispanic-Female","Bisexual-Female","46 States"
"2011",39.82,0.138815501896842,33.51,46.48,"Hispanic","Homosexual","Female","Hispanic-Female","Homosexual-Female","46 States"
"2011",30.75,0.128571180877572,25.66,36.36,"Hispanic","Othersexual","Female","Hispanic-Female","Othersexual-Female","46 States"
"2011",12.93,0.0912302705987721,11.05,15.09,"MultiRace","Heterosexual","Male","MultiRace-Male","Heterosexual-Male","46 States"
"2011",38.65,0.14518736220425,32.16,45.58,"MultiRace","Bisexual","Male","MultiRace-Male","Bisexual-Male","46 States"
"2011",33.73,0.151851248377448,27.43,40.66,"MultiRace","Homosexual","Male","MultiRace-Male","Homosexual-Male","46 States"
"2011",25.82,0.148624690164188,20.64,31.78,"MultiRace","Othersexual","Male","MultiRace-Male","Othersexual-Male","46 States"
"2011",19.81,0.0791382976996543,17.46,22.39,"MultiRace","Heterosexual","Female","MultiRace-Female","Heterosexual-Female","46 States"
"2011",50.24,0.128362130338678,43.98,56.5,"MultiRace","Bisexual","Female","MultiRace-Female","Bisexual-Female","46 States"
"2011",45.27,0.148683122664534,38.2,52.54,"MultiRace","Homosexual","Female","MultiRace-Female","Homosexual-Female","46 States"
"2011",35.66,0.145162729715905,29.43,42.42,"MultiRace","Othersexual","Female","MultiRace-Female","Othersexual-Female","46 States"
"2011",10.59,0.0943170181755343,8.96,12.47,"OtherRace","Heterosexual","Male","OtherRace-Male","Heterosexual-Male","46 States"
"2011",33.73,0.146626253510388,27.63,40.42,"OtherRace","Bisexual","Male","OtherRace-Male","Bisexual-Male","46 States"
"2011",28.88,0.146384958009858,23.36,35.1,"OtherRace","Homosexual","Male","OtherRace-Male","Homosexual-Male","46 States"
"2011",22.33,0.145712867606251,17.77,27.67,"OtherRace","Othersexual","Male","OtherRace-Male","Othersexual-Male","46 States"
"2011",19.51,0.0784482038661607,17.21,22.04,"OtherRace","Heterosexual","Female","OtherRace-Female","Heterosexual-Female","46 States"
"2011",42.6,0.134169383535436,36.33,49.12,"OtherRace","Bisexual","Female","OtherRace-Female","Bisexual-Female","46 States"
"2011",40.19,0.151548407770879,33.3,47.49,"OtherRace","Homosexual","Female","OtherRace-Female","Homosexual-Female","46 States"
"2011",32.48,0.14398886810703,26.62,38.94,"OtherRace","Othersexual","Female","OtherRace-Female","Othersexual-Female","46 States"
"2013",9.29,0.022142757582572,8.93,9.66,"White","Heterosexual","Male","White-Male","Heterosexual-Male","46 States"
"2013",37.41,0.0765791680702488,33.96,40.98,"White","Bisexual","Male","White-Male","Bisexual-Male","46 States"
"2013",30.19,0.0834376836280002,26.86,33.75,"White","Homosexual","Male","White-Male","Homosexual-Male","46 States"
"2013",24.04,0.0788270306558256,21.33,26.98,"White","Othersexual","Male","White-Male","Othersexual-Male","46 States"
"2013",15.19,0.0179494759398236,14.75,15.65,"White","Heterosexual","Female","White-Female","Heterosexual-Female","46 States"
"2013",54.76,0.0455607563705264,52.54,56.96,"White","Bisexual","Female","White-Female","Bisexual-Female","46 States"
"2013",44.28,0.0863962372679865,40.15,48.49,"White","Homosexual","Female","White-Female","Homosexual-Female","46 States"
"2013",34,0.0703197597144227,30.98,37.16,"White","Othersexual","Female","White-Female","Othersexual-Female","46 States"
"2013",9.3,0.0665242948025749,8.25,10.46,"Asian","Heterosexual","Male","Asian-Male","Heterosexual-Male","46 States"
"2013",32.86,0.137167188984122,27.22,39.04,"Asian","Bisexual","Male","Asian-Male","Bisexual-Male","46 States"
"2013",27.41,0.141491489719645,22.25,33.26,"Asian","Homosexual","Male","Asian-Male","Homosexual-Male","46 States"
"2013",19.94,0.132235750411775,16.12,24.4,"Asian","Othersexual","Male","Asian-Male","Othersexual-Male","46 States"
"2013",13.97,0.0565231420508903,12.7,15.36,"Asian","Heterosexual","Female","Asian-Female","Heterosexual-Female","46 States"
"2013",42.67,0.123051603723306,36.9,48.64,"Asian","Bisexual","Female","Asian-Female","Bisexual-Female","46 States"
"2013",39,0.147893191116274,32.37,46.08,"Asian","Homosexual","Female","Asian-Female","Homosexual-Female","46 States"
"2013",27.49,0.123938867764426,22.92,32.59,"Asian","Othersexual","Female","Asian-Female","Othersexual-Female","46 States"
"2013",9.37,0.0410817032727,8.71,10.08,"Black","Heterosexual","Male","Black-Male","Heterosexual-Male","46 States"
"2013",30.09,0.111642094132376,25.7,34.88,"Black","Bisexual","Male","Black-Male","Bisexual-Male","46 States"
"2013",29.84,0.108964370936565,25.57,34.49,"Black","Homosexual","Male","Black-Male","Homosexual-Male","46 States"
"2013",19.11,0.117602420204718,15.8,22.93,"Black","Othersexual","Male","Black-Male","Othersexual-Male","46 States"
"2013",15.27,0.0338025081487581,14.43,16.14,"Black","Heterosexual","Female","Black-Female","Heterosexual-Female","46 States"
"2013",37.56,0.0658758135593745,34.58,40.63,"Black","Bisexual","Female","Black-Female","Bisexual-Female","46 States"
"2013",34.22,0.0959730679722042,30.12,38.57,"Black","Homosexual","Female","Black-Female","Homosexual-Female","46 States"
"2013",30.5,0.0976484850248903,26.6,34.7,"Black","Othersexual","Female","Black-Female","Othersexual-Female","46 States"
"2013",10.4,0.0396880793166624,9.69,11.14,"Hispanic","Heterosexual","Male","Hispanic-Male","Heterosexual-Male","46 States"
"2013",39.71,0.099493955208667,35.15,44.46,"Hispanic","Bisexual","Male","Hispanic-Male","Bisexual-Male","46 States"
"2013",30.9,0.106335276899848,26.63,35.51,"Hispanic","Homosexual","Male","Hispanic-Male","Homosexual-Male","46 States"
"2013",30.45,0.0972076765346974,26.57,34.63,"Hispanic","Othersexual","Male","Hispanic-Male","Othersexual-Male","46 States"
"2013",18.33,0.0321316155245045,17.41,19.29,"Hispanic","Heterosexual","Female","Hispanic-Female","Heterosexual-Female","46 States"
"2013",44.49,0.0651545165225404,41.36,47.66,"Hispanic","Bisexual","Female","Hispanic-Female","Bisexual-Female","46 States"
"2013",42.67,0.105223846074842,37.72,47.77,"Hispanic","Homosexual","Female","Hispanic-Female","Homosexual-Female","46 States"
"2013",38.18,0.0885078456267666,34.18,42.35,"Hispanic","Othersexual","Female","Hispanic-Female","Othersexual-Female","46 States"
"2013",11.2,0.062915639471361,10.03,12.49,"MultiRace","Heterosexual","Male","MultiRace-Male","Heterosexual-Male","46 States"
"2013",40.47,0.122942373848997,34.82,46.38,"MultiRace","Bisexual","Male","MultiRace-Male","Bisexual-Male","46 States"
"2013",33.71,0.132060385340777,28.19,39.71,"MultiRace","Homosexual","Male","MultiRace-Male","Homosexual-Male","46 States"
"2013",26,0.132715692377709,21.31,31.31,"MultiRace","Othersexual","Male","MultiRace-Male","Othersexual-Male","46 States"
"2013",20.3,0.0495513585053037,18.77,21.91,"MultiRace","Heterosexual","Female","MultiRace-Female","Heterosexual-Female","46 States"
"2013",48.73,0.0908250524646908,44.31,53.18,"MultiRace","Bisexual","Female","MultiRace-Female","Bisexual-Female","46 States"
"2013",43.88,0.128407889240641,37.81,50.14,"MultiRace","Homosexual","Female","MultiRace-Female","Homosexual-Female","46 States"
"2013",38.23,0.116886041754241,32.98,43.76,"MultiRace","Othersexual","Female","MultiRace-Female","Othersexual-Female","46 States"
"2013",11.07,0.0687190251785488,9.81,12.47,"OtherRace","Heterosexual","Male","OtherRace-Male","Heterosexual-Male","46 States"
"2013",40.98,0.130892494379876,34.95,47.3,"OtherRace","Bisexual","Male","OtherRace-Male","Bisexual-Male","46 States"
"2013",33.44,0.135463441639608,27.81,39.58,"OtherRace","Homosexual","Male","OtherRace-Male","Homosexual-Male","46 States"
"2013",24.79,0.126622153683595,20.46,29.7,"OtherRace","Othersexual","Male","OtherRace-Male","Othersexual-Male","46 States"
"2013",19.54,0.0599799676849694,17.75,21.45,"OtherRace","Heterosexual","Female","OtherRace-Female","Heterosexual-Female","46 States"
"2013",44.57,0.106708021601098,39.48,49.78,"OtherRace","Bisexual","Female","OtherRace-Female","Bisexual-Female","46 States"
"2013",42.8,0.134074469701767,36.52,49.32,"OtherRace","Homosexual","Female","OtherRace-Female","Homosexual-Female","46 States"
"2013",34.91,0.129397560132704,29.39,40.87,"OtherRace","Othersexual","Female","OtherRace-Female","Othersexual-Female","46 States"
"2015",9.26,0.0203729948903333,8.93,9.6,"White","Heterosexual","Male","White-Male","Heterosexual-Male","46 States"
"2015",34.87,0.062314596438723,32.15,37.69,"White","Bisexual","Male","White-Male","Bisexual-Male","46 States"
"2015",29.77,0.073590402465006,26.84,32.87,"White","Homosexual","Male","White-Male","Homosexual-Male","46 States"
"2015",22.58,0.0717230572594407,20.22,25.13,"White","Othersexual","Male","White-Male","Othersexual-Male","46 States"
"2015",15.92,0.0165108690331159,15.49,16.36,"White","Heterosexual","Female","White-Female","Heterosexual-Female","46 States"
"2015",53.24,0.0367215904118226,51.45,55.03,"White","Bisexual","Female","White-Female","Bisexual-Female","46 States"
"2015",44.32,0.0716646874114509,40.89,47.81,"White","Homosexual","Female","White-Female","Homosexual-Female","46 States"
"2015",35.85,0.0534692158078148,33.47,38.29,"White","Othersexual","Female","White-Female","Othersexual-Female","46 States"
"2015",8.18,0.0595528128804113,7.34,9.1,"Asian","Heterosexual","Male","Asian-Male","Heterosexual-Male","46 States"
"2015",30,0.12872573319863,24.98,35.55,"Asian","Bisexual","Male","Asian-Male","Bisexual-Male","46 States"
"2015",27.1,0.128708335621579,22.41,32.36,"Asian","Homosexual","Male","Asian-Male","Homosexual-Male","46 States"
"2015",20.97,0.118904207925331,17.37,25.09,"Asian","Othersexual","Male","Asian-Male","Othersexual-Male","46 States"
"2015",13.37,0.0509721440651188,12.25,14.57,"Asian","Heterosexual","Female","Asian-Female","Heterosexual-Female","46 States"
"2015",45.32,0.105945555138365,40.24,50.5,"Asian","Bisexual","Female","Asian-Female","Bisexual-Female","46 States"
"2015",37.42,0.137141309441279,31.37,43.89,"Asian","Homosexual","Female","Asian-Female","Homosexual-Female","46 States"
"2015",26.55,0.107110205856437,22.66,30.84,"Asian","Othersexual","Female","Asian-Female","Othersexual-Female","46 States"
"2015",7.77,0.0382226789481667,7.25,8.32,"Black","Heterosexual","Male","Black-Male","Heterosexual-Male","46 States"
"2015",28.71,0.0936528558332771,25.1,32.6,"Black","Bisexual","Male","Black-Male","Bisexual-Male","46 States"
"2015",25.13,0.098285215960034,21.68,28.93,"Black","Homosexual","Male","Black-Male","Homosexual-Male","46 States"
"2015",19.84,0.11044438287212,16.62,23.5,"Black","Othersexual","Male","Black-Male","Othersexual-Male","46 States"
"2015",14.91,0.0292644281507315,14.2,15.65,"Black","Heterosexual","Female","Black-Female","Heterosexual-Female","46 States"
"2015",33.83,0.0526969371879006,31.56,36.18,"Black","Bisexual","Female","Black-Female","Bisexual-Female","46 States"
"2015",29.79,0.0887009680170346,26.28,33.55,"Black","Homosexual","Female","Black-Female","Homosexual-Female","46 States"
"2015",33.13,0.0805721273812844,29.73,36.72,"Black","Othersexual","Female","Black-Female","Othersexual-Female","46 States"
"2015",9.94,0.0308065944760632,9.41,10.49,"Hispanic","Heterosexual","Male","Hispanic-Male","Heterosexual-Male","46 States"
"2015",37.93,0.0824466000826513,34.21,41.8,"Hispanic","Bisexual","Male","Hispanic-Male","Bisexual-Male","46 States"
"2015",31.26,0.0866033375500819,27.73,35.01,"Hispanic","Homosexual","Male","Hispanic-Male","Homosexual-Male","46 States"
"2015",27.54,0.0867868300281253,24.28,31.06,"Hispanic","Othersexual","Male","Hispanic-Male","Othersexual-Male","46 States"
"2015",17.81,0.0243110479164541,17.13,18.52,"Hispanic","Heterosexual","Female","Hispanic-Female","Heterosexual-Female","46 States"
"2015",45.15,0.0470566809336061,42.88,47.44,"Hispanic","Bisexual","Female","Hispanic-Female","Bisexual-Female","46 States"
"2015",41.35,0.0825898106967213,37.48,45.32,"Hispanic","Homosexual","Female","Hispanic-Female","Homosexual-Female","46 States"
"2015",33.62,0.0696708564243906,30.64,36.73,"Hispanic","Othersexual","Female","Hispanic-Female","Othersexual-Female","46 States"
"2015",11.16,0.0546829023366093,10.14,12.26,"MultiRace","Heterosexual","Male","MultiRace-Male","Heterosexual-Male","46 States"
"2015",40.43,0.115106024710354,35.14,45.96,"MultiRace","Bisexual","Male","MultiRace-Male","Bisexual-Male","46 States"
"2015",33.21,0.123176767323944,28.09,38.76,"MultiRace","Homosexual","Male","MultiRace-Male","Homosexual-Male","46 States"
"2015",25.98,0.120965184854817,21.68,30.79,"MultiRace","Othersexual","Male","MultiRace-Male","Othersexual-Male","46 States"
"2015",20.41,0.0431764568372726,19.07,21.82,"MultiRace","Heterosexual","Female","MultiRace-Female","Heterosexual-Female","46 States"
"2015",50.05,0.0729806003564753,46.48,53.62,"MultiRace","Bisexual","Female","MultiRace-Female","Bisexual-Female","46 States"
"2015",46.69,0.116525277140027,41.07,52.4,"MultiRace","Homosexual","Female","MultiRace-Female","Homosexual-Female","46 States"
"2015",41.28,0.100041590938802,36.62,46.1,"MultiRace","Othersexual","Female","MultiRace-Female","Othersexual-Female","46 States"
"2015",11.21,0.0597893372805169,10.09,12.43,"OtherRace","Heterosexual","Male","OtherRace-Male","Heterosexual-Male","46 States"
"2015",36.03,0.122319360713528,30.71,41.72,"OtherRace","Bisexual","Male","OtherRace-Male","Bisexual-Male","46 States"
"2015",31.07,0.124670971294054,26.09,36.53,"OtherRace","Homosexual","Male","OtherRace-Male","Homosexual-Male","46 States"
"2015",22.59,0.125984413176542,18.57,27.2,"OtherRace","Othersexual","Male","OtherRace-Male","Othersexual-Male","46 States"
"2015",20.25,0.052242592891823,18.65,21.95,"OtherRace","Heterosexual","Female","OtherRace-Female","Heterosexual-Female","46 States"
"2015",47.32,0.0940622088489421,42.76,51.93,"OtherRace","Bisexual","Female","OtherRace-Female","Bisexual-Female","46 States"
"2015",39.05,0.132427326107073,33.08,45.37,"OtherRace","Homosexual","Female","OtherRace-Female","Homosexual-Female","46 States"
"2015",34.49,0.115886302724112,29.56,39.79,"OtherRace","Othersexual","Female","OtherRace-Female","Othersexual-Female","46 States"
"2017",9.55,0.0194630531660076,9.22,9.88,"White","Heterosexual","Male","White-Male","Heterosexual-Male","46 States"
"2017",40.28,0.0569354296609981,37.63,42.99,"White","Bisexual","Male","White-Male","Bisexual-Male","46 States"
"2017",31.44,0.0682415540370754,28.63,34.39,"White","Homosexual","Male","White-Male","Homosexual-Male","46 States"
"2017",22.45,0.0659166547893541,20.28,24.77,"White","Othersexual","Male","White-Male","Othersexual-Male","46 States"
"2017",15.06,0.0166549559616287,14.65,15.48,"White","Heterosexual","Female","White-Female","Heterosexual-Female","46 States"
"2017",50.61,0.0309405993546451,49.09,52.12,"White","Bisexual","Female","White-Female","Bisexual-Female","46 States"
"2017",44.48,0.0631875085623942,41.45,47.56,"White","Homosexual","Female","White-Female","Homosexual-Female","46 States"
"2017",32.88,0.0507889160301386,30.73,35.12,"White","Othersexual","Female","White-Female","Othersexual-Female","46 States"
"2017",10.15,0.0534450500422197,9.23,11.14,"Asian","Heterosexual","Male","Asian-Male","Heterosexual-Male","46 States"
"2017",30.08,0.125024270199716,25.19,35.47,"Asian","Bisexual","Male","Asian-Male","Bisexual-Male","46 States"
"2017",27.3,0.128754132238082,22.59,32.58,"Asian","Homosexual","Male","Asian-Male","Homosexual-Male","46 States"
"2017",18.81,0.113951492904067,15.63,22.46,"Asian","Othersexual","Male","Asian-Male","Othersexual-Male","46 States"
"2017",13.61,0.0497364611512244,12.5,14.8,"Asian","Heterosexual","Female","Asian-Female","Heterosexual-Female","46 States"
"2017",42.49,0.0933906905802169,38.09,47.01,"Asian","Bisexual","Female","Asian-Female","Bisexual-Female","46 States"
"2017",39.15,0.136043458001734,33.01,45.65,"Asian","Homosexual","Female","Asian-Female","Homosexual-Female","46 States"
"2017",25.15,0.0954995892682428,21.8,28.84,"Asian","Othersexual","Female","Asian-Female","Othersexual-Female","46 States"
"2017",9.23,0.0371026757651528,8.64,9.86,"Black","Heterosexual","Male","Black-Male","Heterosexual-Male","46 States"
"2017",32.48,0.098779388481165,28.39,36.86,"Black","Bisexual","Male","Black-Male","Bisexual-Male","46 States"
"2017",24.1,0.0995182850830132,20.71,27.84,"Black","Homosexual","Male","Black-Male","Homosexual-Male","46 States"
"2017",19.41,0.0997660587187182,16.53,22.65,"Black","Othersexual","Male","Black-Male","Othersexual-Male","46 States"
"2017",15.07,0.0315331537893102,14.3,15.88,"Black","Heterosexual","Female","Black-Female","Heterosexual-Female","46 States"
"2017",40.23,0.0521673764350686,37.8,42.71,"Black","Bisexual","Female","Black-Female","Bisexual-Female","46 States"
"2017",32.4,0.0861736332456743,28.81,36.2,"Black","Homosexual","Female","Black-Female","Homosexual-Female","46 States"
"2017",28.14,0.0789608074309832,25.12,31.38,"Black","Othersexual","Female","Black-Female","Othersexual-Female","46 States"
"2017",10.43,0.0297874344190172,9.9,10.99,"Hispanic","Heterosexual","Male","Hispanic-Male","Heterosexual-Male","46 States"
"2017",41.48,0.0813076552201354,37.68,45.4,"Hispanic","Bisexual","Male","Hispanic-Male","Bisexual-Male","46 States"
"2017",32.44,0.0850271738980746,28.9,36.19,"Hispanic","Homosexual","Male","Hispanic-Male","Homosexual-Male","46 States"
"2017",24.99,0.0758359676671776,22.3,27.87,"Hispanic","Othersexual","Male","Hispanic-Male","Othersexual-Male","46 States"
"2017",17.56,0.0246702992203059,16.87,18.27,"Hispanic","Heterosexual","Female","Hispanic-Female","Heterosexual-Female","46 States"
"2017",44.8,0.0434953443266319,42.71,46.92,"Hispanic","Bisexual","Female","Hispanic-Female","Bisexual-Female","46 States"
"2017",40.02,0.0806878794120101,36.29,43.86,"Hispanic","Homosexual","Female","Hispanic-Female","Homosexual-Female","46 States"
"2017",31.63,0.0621116100000795,29.06,34.32,"Hispanic","Othersexual","Female","Hispanic-Female","Othersexual-Female","46 States"
"2017",12.57,0.0502501845102388,11.53,13.69,"MultiRace","Heterosexual","Male","MultiRace-Male","Heterosexual-Male","46 States"
"2017",44.13,0.110108125535959,38.89,49.5,"MultiRace","Bisexual","Male","MultiRace-Male","Bisexual-Male","46 States"
"2017",30.27,0.121367157141333,25.49,35.51,"MultiRace","Homosexual","Male","MultiRace-Male","Homosexual-Male","46 States"
"2017",25.61,0.121322376700879,21.35,30.39,"MultiRace","Othersexual","Male","MultiRace-Male","Othersexual-Male","46 States"
"2017",21.2,0.0414252751658471,19.88,22.59,"MultiRace","Heterosexual","Female","MultiRace-Female","Heterosexual-Female","46 States"
"2017",53.4,0.0660814690764573,50.17,56.61,"MultiRace","Bisexual","Female","MultiRace-Female","Bisexual-Female","46 States"
"2017",44.06,0.11247407133396,38.72,49.54,"MultiRace","Homosexual","Female","MultiRace-Female","Homosexual-Female","46 States"
"2017",35.9,0.0937419783960512,31.79,40.23,"MultiRace","Othersexual","Female","MultiRace-Female","Othersexual-Female","46 States"
"2017",11.34,0.0613212839928947,10.18,12.6,"OtherRace","Heterosexual","Male","OtherRace-Male","Heterosexual-Male","46 States"
"2017",37.7,0.119013197452315,32.4,43.32,"OtherRace","Bisexual","Male","OtherRace-Male","Bisexual-Male","46 States"
"2017",29.34,0.127099483749451,24.46,34.76,"OtherRace","Homosexual","Male","OtherRace-Male","Homosexual-Male","46 States"
"2017",23.48,0.122407283824454,19.45,28.06,"OtherRace","Othersexual","Male","OtherRace-Male","Othersexual-Male","46 States"
"2017",18.94,0.0562550398372967,17.3,20.69,"OtherRace","Heterosexual","Female","OtherRace-Female","Heterosexual-Female","46 States"
"2017",47.25,0.0912058424639612,42.83,51.72,"OtherRace","Bisexual","Female","OtherRace-Female","Bisexual-Female","46 States"
"2017",43.27,0.129491995805937,37.17,49.57,"OtherRace","Homosexual","Female","OtherRace-Female","Homosexual-Female","46 States"
"2017",30.13,0.120734957464393,25.39,35.33,"OtherRace","Othersexual","Female","OtherRace-Female","Othersexual-Female","46 States"
"2019",11.27,0.0178765171143806,10.93,11.63,"White","Heterosexual","Male","White-Male","Heterosexual-Male","46 States"
"2019",43.08,0.0519894250791005,40.6,45.59,"White","Bisexual","Male","White-Male","Bisexual-Male","46 States"
"2019",30.7,0.0682060012666762,27.93,33.62,"White","Homosexual","Male","White-Male","Homosexual-Male","46 States"
"2019",23.38,0.0668316777105915,21.11,25.8,"White","Othersexual","Male","White-Male","Othersexual-Male","46 States"
"2019",16.59,0.0161068266934717,16.16,17.03,"White","Heterosexual","Female","White-Female","Heterosexual-Female","46 States"
"2019",49.92,0.0289238892384961,48.51,51.34,"White","Bisexual","Female","White-Female","Bisexual-Female","46 States"
"2019",43.45,0.0611893080624583,40.53,46.42,"White","Homosexual","Female","White-Female","Homosexual-Female","46 States"
"2019",31.81,0.0496652921563173,29.74,33.96,"White","Othersexual","Female","White-Female","Othersexual-Female","46 States"
"2019",10.47,0.0541678376244313,9.51,11.5,"Asian","Heterosexual","Male","Asian-Male","Heterosexual-Male","46 States"
"2019",34.9,0.125834435870231,29.52,40.69,"Asian","Bisexual","Male","Asian-Male","Bisexual-Male","46 States"
"2019",27.98,0.129976046373429,23.15,33.39,"Asian","Homosexual","Male","Asian-Male","Homosexual-Male","46 States"
"2019",18.74,0.118380313248115,15.46,22.53,"Asian","Othersexual","Male","Asian-Male","Othersexual-Male","46 States"
"2019",15.47,0.0491126305577206,14.25,16.77,"Asian","Heterosexual","Female","Asian-Female","Heterosexual-Female","46 States"
"2019",42.54,0.0897144371637395,38.31,46.88,"Asian","Bisexual","Female","Asian-Female","Bisexual-Female","46 States"
"2019",39.06,0.131959116137208,33.11,45.36,"Asian","Homosexual","Female","Asian-Female","Homosexual-Female","46 States"
"2019",28.42,0.102642671820522,24.51,32.69,"Asian","Othersexual","Female","Asian-Female","Othersexual-Female","46 States"
"2019",10.37,0.0358715508349497,9.73,11.04,"Black","Heterosexual","Male","Black-Male","Heterosexual-Male","46 States"
"2019",34.07,0.0985276149244966,29.87,38.53,"Black","Bisexual","Male","Black-Male","Bisexual-Male","46 States"
"2019",25.07,0.106157344303654,21.37,29.18,"Black","Homosexual","Male","Black-Male","Homosexual-Male","46 States"
"2019",20.96,0.104200924219448,17.77,24.54,"Black","Othersexual","Male","Black-Male","Othersexual-Male","46 States"
"2019",15.95,0.0314624872209058,15.14,16.79,"Black","Heterosexual","Female","Black-Female","Heterosexual-Female","46 States"
"2019",42.91,0.0517280347603393,40.45,45.41,"Black","Bisexual","Female","Black-Female","Bisexual-Female","46 States"
"2019",34.31,0.0893839529693103,30.48,38.36,"Black","Homosexual","Female","Black-Female","Homosexual-Female","46 States"
"2019",28.79,0.0847697839944133,25.51,32.31,"Black","Othersexual","Female","Black-Female","Othersexual-Female","46 States"
"2019",11.56,0.0276792431673819,11.02,12.13,"Hispanic","Heterosexual","Male","Hispanic-Male","Heterosexual-Male","46 States"
"2019",38.56,0.0756226323862809,35.12,42.13,"Hispanic","Bisexual","Male","Hispanic-Male","Bisexual-Male","46 States"
"2019",33.57,0.0857333222666565,29.93,37.41,"Hispanic","Homosexual","Male","Hispanic-Male","Homosexual-Male","46 States"
"2019",24.31,0.0825791819539979,21.45,27.41,"Hispanic","Othersexual","Male","Hispanic-Male","Othersexual-Male","46 States"
"2019",17.46,0.0242006693891722,16.79,18.15,"Hispanic","Heterosexual","Female","Hispanic-Female","Heterosexual-Female","46 States"
"2019",44.61,0.0407169503995554,42.64,46.59,"Hispanic","Bisexual","Female","Hispanic-Female","Bisexual-Female","46 States"
"2019",42.36,0.0793038082405284,38.62,46.2,"Hispanic","Homosexual","Female","Hispanic-Female","Homosexual-Female","46 States"
"2019",35.18,0.0631845593661155,32.41,38.06,"Hispanic","Othersexual","Female","Hispanic-Female","Othersexual-Female","46 States"
"2019",14.08,0.0486369416741624,12.97,15.27,"MultiRace","Heterosexual","Male","MultiRace-Male","Heterosexual-Male","46 States"
"2019",45.87,0.108487402435384,40.66,51.18,"MultiRace","Bisexual","Male","MultiRace-Male","Bisexual-Male","46 States"
"2019",34.81,0.128018201795522,29.35,40.69,"MultiRace","Homosexual","Male","MultiRace-Male","Homosexual-Male","46 States"
"2019",25.96,0.122668116905164,21.61,30.84,"MultiRace","Othersexual","Male","MultiRace-Male","Othersexual-Male","46 States"
"2019",21.87,0.0420279542231885,20.5,23.31,"MultiRace","Heterosexual","Female","MultiRace-Female","Heterosexual-Female","46 States"
"2019",54.44,0.0649076734888611,51.27,57.57,"MultiRace","Bisexual","Female","MultiRace-Female","Bisexual-Female","46 States"
"2019",48.82,0.109098137900521,43.51,54.16,"MultiRace","Homosexual","Female","MultiRace-Female","Homosexual-Female","46 States"
"2019",38.38,0.0998910688750351,33.87,43.1,"MultiRace","Othersexual","Female","MultiRace-Female","Othersexual-Female","46 States"
"2019",12.06,0.0608225903677092,10.85,13.38,"OtherRace","Heterosexual","Male","OtherRace-Male","Heterosexual-Male","46 States"
"2019",41.25,0.13088160310548,35.2,47.57,"OtherRace","Bisexual","Male","OtherRace-Male","Bisexual-Male","46 States"
"2019",32.13,0.128957783185261,26.88,37.87,"OtherRace","Homosexual","Male","OtherRace-Male","Homosexual-Male","46 States"
"2019",24.35,0.118703786274336,20.32,28.89,"OtherRace","Othersexual","Male","OtherRace-Male","Othersexual-Male","46 States"
"2019",20.33,0.0556215583681762,18.63,22.16,"OtherRace","Heterosexual","Female","OtherRace-Female","Heterosexual-Female","46 States"
"2019",50.23,0.0927290782830332,45.7,54.76,"OtherRace","Bisexual","Female","OtherRace-Female","Bisexual-Female","46 States"
"2019",43.59,0.135864086186543,37.19,50.21,"OtherRace","Homosexual","Female","OtherRace-Female","Homosexual-Female","46 States"
"2019",34.01,0.117535859695251,29.05,39.36,"OtherRace","Othersexual","Female","OtherRace-Female","Othersexual-Female","46 States"
"2021",11.22,0.0201598626927877,10.83,11.62,"White","Heterosexual","Male","White-Male","Heterosexual-Male","46 States"
"2021",38.62,0.0509184138104591,36.29,41.01,"White","Bisexual","Male","White-Male","Bisexual-Male","46 States"
"2021",35.74,0.0715548230218737,32.59,39.02,"White","Homosexual","Male","White-Male","Homosexual-Male","46 States"
"2021",18.43,0.034369139044206,17.44,19.47,"White","Othersexual","Male","White-Male","Othersexual-Male","46 States"
"2021",17.59,0.0192505201934435,17.05,18.14,"White","Heterosexual","Female","White-Female","Heterosexual-Female","46 States"
"2021",49.3,0.0278809345614126,47.93,50.66,"White","Bisexual","Female","White-Female","Bisexual-Female","46 States"
"2021",49.62,0.0535442014176147,47,52.25,"White","Homosexual","Female","White-Female","Homosexual-Female","46 States"
"2021",33.21,0.024457103916925,32.16,34.28,"White","Othersexual","Female","White-Female","Othersexual-Female","46 States"
"2021",10.93,0.0676826767010395,9.71,12.3,"Asian","Heterosexual","Male","Asian-Male","Heterosexual-Male","46 States"
"2021",33.65,0.133410363233881,28.08,39.71,"Asian","Bisexual","Male","Asian-Male","Bisexual-Male","46 States"
"2021",27.69,0.139513421682869,22.56,33.48,"Asian","Homosexual","Male","Asian-Male","Homosexual-Male","46 States"
"2021",19.12,0.105981428581529,16.11,22.54,"Asian","Othersexual","Male","Asian-Male","Othersexual-Male","46 States"
"2021",16.3,0.0661857435076368,14.61,18.15,"Asian","Heterosexual","Female","Asian-Female","Heterosexual-Female","46 States"
"2021",43.28,0.0910677080472633,38.96,47.71,"Asian","Bisexual","Female","Asian-Female","Bisexual-Female","46 States"
"2021",39.17,0.134137263593287,33.11,45.58,"Asian","Homosexual","Female","Asian-Female","Homosexual-Female","46 States"
"2021",26.2,0.0845968391099162,23.12,29.53,"Asian","Othersexual","Female","Asian-Female","Othersexual-Female","46 States"
"2021",9.26,0.0394290562915097,8.63,9.93,"Black","Heterosexual","Male","Black-Male","Heterosexual-Male","46 States"
"2021",31.83,0.0965340655864761,27.87,36.07,"Black","Bisexual","Male","Black-Male","Bisexual-Male","46 States"
"2021",27.6,0.104080857889689,23.72,31.86,"Black","Homosexual","Male","Black-Male","Homosexual-Male","46 States"
"2021",16.25,0.066260771549351,14.56,18.1,"Black","Othersexual","Male","Black-Male","Othersexual-Male","46 States"
"2021",18.03,0.0354255507420766,17.03,19.08,"Black","Heterosexual","Female","Black-Female","Heterosexual-Female","46 States"
"2021",43.24,0.0485935811225094,40.92,45.59,"Black","Bisexual","Female","Black-Female","Bisexual-Female","46 States"
"2021",40.87,0.082633079402093,37.02,44.84,"Black","Homosexual","Female","Black-Female","Homosexual-Female","46 States"
"2021",33.14,0.0459361078373902,31.17,35.16,"Black","Othersexual","Female","Black-Female","Othersexual-Female","46 States"
"2021",8.51,0.0596274305766394,7.64,9.46,"Hispanic","Heterosexual","Male","Hispanic-Male","Heterosexual-Male","46 States"
"2021",35.75,0.121908236913933,30.47,41.4,"Hispanic","Bisexual","Male","Hispanic-Male","Bisexual-Male","46 States"
"2021",28.14,0.131051790356912,23.25,33.61,"Hispanic","Homosexual","Male","Hispanic-Male","Homosexual-Male","46 States"
"2021",15.23,0.0956337639233224,12.97,17.82,"Hispanic","Othersexual","Male","Hispanic-Male","Othersexual-Male","46 States"
"2021",14.32,0.0561556756698179,13.02,15.72,"Hispanic","Heterosexual","Female","Hispanic-Female","Heterosexual-Female","46 States"
"2021",40.91,0.0763771587898622,37.35,44.57,"Hispanic","Bisexual","Female","Hispanic-Female","Bisexual-Female","46 States"
"2021",40.75,0.124772355253224,35,46.76,"Hispanic","Homosexual","Female","Hispanic-Female","Homosexual-Female","46 States"
"2021",28.73,0.068198745560213,26.07,31.54,"Hispanic","Othersexual","Female","Hispanic-Female","Othersexual-Female","46 States"
"2021",11.27,0.038629384110794,10.54,12.05,"MultiRace","Heterosexual","Male","MultiRace-Male","Heterosexual-Male","46 States"
"2021",40.21,0.0869587324929633,36.19,44.37,"MultiRace","Bisexual","Male","MultiRace-Male","Bisexual-Male","46 States"
"2021",33.59,0.104642079252214,29.18,38.31,"MultiRace","Homosexual","Male","MultiRace-Male","Homosexual-Male","46 States"
"2021",22.36,0.059678780126473,20.39,24.45,"MultiRace","Othersexual","Male","MultiRace-Male","Othersexual-Male","46 States"
"2021",18.98,0.036395824116336,17.91,20.1,"MultiRace","Heterosexual","Female","MultiRace-Female","Heterosexual-Female","46 States"
"2021",48.33,0.0491022968574279,45.93,50.74,"MultiRace","Bisexual","Female","MultiRace-Female","Bisexual-Female","46 States"
"2021",47.06,0.0896149011599147,42.72,51.45,"MultiRace","Homosexual","Female","MultiRace-Female","Homosexual-Female","46 States"
"2021",36.45,0.0453804913979741,34.42,38.54,"MultiRace","Othersexual","Female","MultiRace-Female","Othersexual-Female","46 States"
"2021",11.97,0.0814812535535328,10.38,13.75,"OtherRace","Heterosexual","Male","OtherRace-Male","Heterosexual-Male","46 States"
"2021",36.38,0.134939032737546,30.51,42.69,"OtherRace","Bisexual","Male","OtherRace-Male","Bisexual-Male","46 States"
"2021",31.44,0.142270042245733,25.76,37.73,"OtherRace","Homosexual","Male","OtherRace-Male","Homosexual-Male","46 States"
"2021",20.08,0.0940670386691382,17.28,23.2,"OtherRace","Othersexual","Male","OtherRace-Male","Othersexual-Male","46 States"
"2021",18.21,0.0892414955871042,15.75,20.96,"OtherRace","Heterosexual","Female","OtherRace-Female","Heterosexual-Female","46 States"
"2021",51.49,0.105161110500891,46.35,56.61,"OtherRace","Bisexual","Female","OtherRace-Female","Bisexual-Female","46 States"
"2021",41.72,0.139922243322099,35.24,48.5,"OtherRace","Homosexual","Female","OtherRace-Female","Homosexual-Female","46 States"
"2021",35.5,0.0859835610199083,31.74,39.44,"OtherRace","Othersexual","Female","OtherRace-Female","Othersexual-Female","46 States"
"2023",10.66,0.0234955261396574,10.23,11.1,"White","Heterosexual","Male","White-Male","Heterosexual-Male","46 States"
"2023",36.62,0.0576027683103858,34.04,39.27,"White","Bisexual","Male","White-Male","Bisexual-Male","46 States"
"2023",32.33,0.0782657185682901,29.07,35.78,"White","Homosexual","Male","White-Male","Homosexual-Male","46 States"
"2023",23.08,0.0570721906902177,21.15,25.12,"White","Othersexual","Male","White-Male","Othersexual-Male","46 States"
"2023",15.17,0.0234785239786435,14.59,15.77,"White","Heterosexual","Female","White-Female","Heterosexual-Female","46 States"
"2023",45.81,0.0312954154958061,44.29,47.33,"White","Bisexual","Female","White-Female","Bisexual-Female","46 States"
"2023",41.72,0.0602582437498255,38.88,44.61,"White","Homosexual","Female","White-Female","Homosexual-Female","46 States"
"2023",35.87,0.0375798505000089,34.19,37.58,"White","Othersexual","Female","White-Female","Othersexual-Female","46 States"
"2023",8.88,0.0703791678517315,7.82,10.06,"Asian","Heterosexual","Male","Asian-Male","Heterosexual-Male","46 States"
"2023",32.49,0.129760321388134,27.17,38.29,"Asian","Bisexual","Male","Asian-Male","Bisexual-Male","46 States"
"2023",26.66,0.134470258399561,21.83,32.11,"Asian","Homosexual","Male","Asian-Male","Homosexual-Male","46 States"
"2023",21.13,0.112584698045978,17.69,25.04,"Asian","Othersexual","Male","Asian-Male","Othersexual-Male","46 States"
"2023",13.04,0.0684814275932464,11.59,14.64,"Asian","Heterosexual","Female","Asian-Female","Heterosexual-Female","46 States"
"2023",37.91,0.0905295508778334,33.83,42.17,"Asian","Bisexual","Female","Asian-Female","Bisexual-Female","46 States"
"2023",39.31,0.132473039403912,33.32,45.65,"Asian","Homosexual","Female","Asian-Female","Homosexual-Female","46 States"
"2023",27.94,0.09288339418394,24.43,31.75,"Asian","Othersexual","Female","Asian-Female","Othersexual-Female","46 States"
"2023",8.41,0.0462740891751643,7.74,9.14,"Black","Heterosexual","Male","Black-Male","Heterosexual-Male","46 States"
"2023",34.95,0.108198561489295,30.3,39.91,"Black","Bisexual","Male","Black-Male","Bisexual-Male","46 States"
"2023",27.4,0.117048730490915,23.08,32.19,"Black","Homosexual","Male","Black-Male","Homosexual-Male","46 States"
"2023",19.05,0.0963751579109024,16.3,22.13,"Black","Othersexual","Male","Black-Male","Othersexual-Male","46 States"
"2023",16.17,0.04255477061871,15.07,17.33,"Black","Heterosexual","Female","Black-Female","Heterosexual-Female","46 States"
"2023",40.69,0.0540001466534946,38.16,43.27,"Black","Bisexual","Female","Black-Female","Bisexual-Female","46 States"
"2023",37.13,0.0863114814417553,33.27,41.16,"Black","Homosexual","Female","Black-Female","Homosexual-Female","46 States"
"2023",34.79,0.0608794950494067,32.14,37.55,"Black","Othersexual","Female","Black-Female","Othersexual-Female","46 States"
"2023",9.72,0.0366048495582009,9.11,10.37,"Hispanic","Heterosexual","Male","Hispanic-Male","Heterosexual-Male","46 States"
"2023",34.26,0.0899591454463533,30.4,38.33,"Hispanic","Bisexual","Male","Hispanic-Male","Bisexual-Male","46 States"
"2023",30.47,0.0982866096912587,26.55,34.7,"Hispanic","Homosexual","Male","Hispanic-Male","Homosexual-Male","46 States"
"2023",20.77,0.0724469355146542,18.53,23.2,"Hispanic","Othersexual","Male","Hispanic-Male","Othersexual-Male","46 States"
"2023",15.82,0.0344111679005933,14.94,16.74,"Hispanic","Heterosexual","Female","Hispanic-Female","Heterosexual-Female","46 States"
"2023",42.83,0.0465461373371634,40.61,45.07,"Hispanic","Bisexual","Female","Hispanic-Female","Bisexual-Female","46 States"
"2023",41.88,0.0856690083589551,37.86,46.01,"Hispanic","Homosexual","Female","Hispanic-Female","Homosexual-Female","46 States"
"2023",32.57,0.0517091332360048,30.38,34.83,"Hispanic","Othersexual","Female","Hispanic-Female","Othersexual-Female","46 States"
"2023",12.81,0.0563954437227448,11.62,14.09,"MultiRace","Heterosexual","Male","MultiRace-Male","Heterosexual-Male","46 States"
"2023",39.86,0.110547850194114,34.8,45.15,"MultiRace","Bisexual","Male","MultiRace-Male","Bisexual-Male","46 States"
"2023",34.05,0.125204288743077,28.77,39.75,"MultiRace","Homosexual","Male","MultiRace-Male","Homosexual-Male","46 States"
"2023",30.02,0.104469214261738,25.9,34.48,"MultiRace","Othersexual","Male","MultiRace-Male","Othersexual-Male","46 States"
"2023",20.92,0.056179372907525,19.16,22.8,"MultiRace","Heterosexual","Female","MultiRace-Female","Heterosexual-Female","46 States"
"2023",50.57,0.0663238121668682,47.32,53.81,"MultiRace","Bisexual","Female","MultiRace-Female","Bisexual-Female","46 States"
"2023",47.95,0.1119087166034,42.52,53.42,"MultiRace","Homosexual","Female","MultiRace-Female","Homosexual-Female","46 States"
"2023",38.92,0.0749973572157712,35.49,42.47,"MultiRace","Othersexual","Female","MultiRace-Female","Othersexual-Female","46 States"
"2023",10.19,0.0750140317267628,8.93,11.62,"OtherRace","Heterosexual","Male","OtherRace-Male","Heterosexual-Male","46 States"
"2023",34.77,0.132443432462624,29.14,40.87,"OtherRace","Bisexual","Male","OtherRace-Male","Bisexual-Male","46 States"
"2023",29.24,0.137934942861909,23.97,35.13,"OtherRace","Homosexual","Male","OtherRace-Male","Homosexual-Male","46 States"
"2023",20.35,0.117567723998874,16.87,24.34,"OtherRace","Othersexual","Male","OtherRace-Male","Othersexual-Male","46 States"
"2023",16.46,0.0720245177992449,14.61,18.5,"OtherRace","Heterosexual","Female","OtherRace-Female","Heterosexual-Female","46 States"
"2023",46.13,0.09694808617122,41.46,50.87,"OtherRace","Bisexual","Female","OtherRace-Female","Bisexual-Female","46 States"
"2023",39.69,0.135570224829803,33.53,46.19,"OtherRace","Homosexual","Female","OtherRace-Female","Homosexual-Female","46 States"
"2023",31.06,0.108124286001039,26.71,35.77,"OtherRace","Othersexual","Female","OtherRace-Female","Othersexual-Female","46 States"
